name,position,team,bye_week,adp,adp_round,adp_7d,adp_30d,trend_7d,trend_30d
Jahmyr Gibbs,RB,DET,6,1.1,1,1.2,1.8,-0.1,-0.7
Bijan Robinson,RB,ATL,11,2.1,1,2.0,1.5,0.0,0.6
Ja'Marr Chase,WR,CIN,6,3.0,1,3.2,3.3,-0.2,-0.3
Puka Nacua,WR,LAR,11,4.3,1,3.9,3.9,0.4,0.4
Jaxon Smith-Njigba,WR,SEA,11,5.4,1,5.7,5.2,-0.2,0.2
Christian McCaffrey,RB,SF,8,6.7,1,6.2,6.1,0.5,0.6
Amon-Ra St. Brown,WR,DET,6,7.0,1,7.1,8.8,-0.1,-1.8
Jonathan Taylor,RB,IND,13,7.8,1,7.9,7.6,-0.0,0.2
James Cook III,RB,BUF,7,9.0,1,10.5,10.6,-1.5,-1.6
Justin Jefferson,WR,MIN,6,10.5,1,10.0,8.4,0.6,2.1
CeeDee Lamb,WR,DAL,14,11.2,1,10.4,10.8,0.7,0.3
Ashton Jeanty,RB,LV,13,12.7,2,12.8,12.6,-0.1,0.2
Saquon Barkley,RB,PHI,10,13.7,2,13.6,14.3,0.2,-0.6
Kenneth Walker III,RB,KC,5,14.0,2,14.3,15.6,-0.3,-1.6
Chase Brown,RB,CIN,6,14.6,2,15.3,20.5,-0.7,-5.9
De'Von Achane,RB,MIA,6,15.9,2,18.2,13.6,-2.4,2.3
Omarion Hampton,RB,LAC,7,17.8,2,15.5,19.8,2.2,-2.0
A.J. Brown,WR,NE,11,18.4,2,17.9,28.3,0.5,-9.9
Derrick Henry,RB,BAL,13,19.1,2,19.6,22.4,-0.5,-3.3
Brock Bowers,TE,LV,13,19.4,2,19.1,22.6,0.3,-3.2
Drake London,WR,ATL,11,21.7,2,21.3,18.5,0.5,3.3
Malik Nabers,WR,NYG,8,22.6,2,23.4,21.5,-0.8,1.1
George Pickens,WR,DAL,14,23.6,2,24.8,25.8,-1.2,-2.2
Rashee Rice,WR,KC,5,24.9,3,23.0,16.2,1.9,8.7
Nico Collins,WR,HOU,8,25.9,3,25.1,26.6,0.7,-0.8
Trey McBride,TE,ARI,14,26.8,3,26.5,18.9,0.3,7.9
Chris Olave,WR,NO,8,27.0,3,27.7,29.1,-0.7,-2.1
Josh Allen,QB,BUF,7,28.6,3,28.4,22.4,0.1,6.2
Kyren Williams,RB,LAR,11,29.3,3,30.0,31.3,-0.8,-2.0
DeVonta Smith,WR,PHI,10,29.8,3,29.5,32.9,0.3,-3.1
Jeremiyah Love,RB,ARI,14,30.6,3,32.7,25.5,-2.2,5.0
Zay Flowers,WR,BAL,13,32.2,3,32.6,40.1,-0.4,-7.8
Ladd McConkey,WR,LAC,7,33.4,3,33.3,46.1,0.1,-12.6
Emeka Egbuka,WR,TB,10,34.3,3,30.8,35.6,3.5,-1.3
Javonte Williams,RB,DAL,14,34.3,3,35.7,39.3,-1.4,-4.9
Tee Higgins,WR,CIN,6,36.4,4,35.6,34.9,0.8,1.6
Breece Hall,RB,NYJ,13,36.9,4,38.2,37.4,-1.3,-0.5
Garrett Wilson,WR,NYJ,13,38.7,4,39.2,38.5,-0.5,0.2
Jaylen Waddle,WR,DEN,10,39.5,4,38.9,50.1,0.6,-10.6
Colston Loveland,TE,CHI,10,40.0,4,40.0,41.9,-0.0,-1.9
Cam Skattebo,RB,NYG,8,41.5,4,42.4,45.0,-0.9,-3.5
Tetairoa McMillan,WR,CAR,5,42.6,4,41.9,36.9,0.6,5.7
DJ Moore,WR,BUF,7,43.1,4,46.1,43.1,-3.0,0.0
Travis Etienne Jr.,RB,NO,8,44.0,4,45.0,34.7,-1.1,9.3
Josh Jacobs,RB,GB,11,45.8,4,43.5,30.0,2.2,15.8
David Montgomery,RB,HOU,8,46.9,4,49.7,54.5,-2.8,-7.6
D'Andre Swift,RB,CHI,10,47.2,4,50.7,57.5,-3.5,-10.3
Luther Burden III,WR,CHI,10,48.7,5,44.8,48.5,3.9,0.3
Davante Adams,WR,LAR,11,50.2,5,50.3,45.7,-0.2,4.5
Bhayshul Tuten,RB,JAX,7,50.4,5,47.1,65.0,3.3,-14.6
Terry McLaurin,WR,WAS,7,51.8,5,48.9,54.0,3.0,-2.1
Parker Washington,WR,JAX,7,52.2,5,55.8,68.1,-3.7,-15.9
Jameson Williams,WR,DET,6,52.8,5,52.3,52.9,0.5,-0.2
Quinshon Judkins,RB,CLE,11,53.6,5,53.6,51.0,-0.0,2.6
Mike Evans,WR,SF,8,55.5,5,55.6,52.8,-0.1,2.7
Lamar Jackson,QB,BAL,13,56.2,5,55.8,45.7,0.4,10.6
Christian Watson,WR,GB,11,56.9,5,56.1,60.5,0.8,-3.5
Bucky Irving,RB,TB,10,57.0,5,58.1,44.3,-1.1,12.6
Rome Odunze,WR,CHI,10,58.1,5,58.7,57.7,-0.5,0.5
Tyler Warren,TE,IND,13,58.5,5,59.7,61.3,-1.3,-2.9
TreVeyon Henderson,RB,NE,11,61.7,6,60.0,56.5,1.7,5.2
Joe Burrow,QB,CIN,6,62.3,6,62.0,52.2,0.3,10.0
Jadarian Price,RB,SEA,11,64.2,6,63.4,59.0,0.8,5.2
Carnell Tate,WR,TEN,9,64.5,6,63.5,64.9,1.0,-0.4
Brian Thomas Jr.,WR,JAX,7,66.4,6,66.2,74.8,0.2,-8.4
Marvin Harrison Jr.,WR,ARI,14,67.0,6,69.2,67.2,-2.2,-0.2
Drake Maye,QB,NE,11,67.6,6,67.3,63.3,0.4,4.4
Rhamondre Stevenson,RB,NE,11,68.8,6,73.7,78.0,-4.9,-9.2
Jaylen Warren,RB,PIT,9,71.3,6,71.3,90.0,-0.0,-18.7
Caleb Williams,QB,CHI,10,72.2,7,72.8,66.9,-0.6,5.4
Jonathon Brooks,RB,CAR,5,72.9,7,80.9,130.9,-8.0,-58.0
Jayden Daniels,QB,WAS,7,73.7,7,70.8,67.0,2.9,6.7
Quentin Johnston,WR,LAC,7,74.4,7,73.6,103.8,0.8,-29.4
Michael Wilson,WR,ARI,14,74.9,7,77.7,79.9,-2.8,-5.0
Tucker Kraft,TE,GB,11,76.1,7,76.5,74.5,-0.4,1.6
Jordyn Tyson,WR,NO,8,77.3,7,66.0,68.7,11.3,8.6
Jalen Hurts,QB,PHI,10,78.2,7,77.5,71.9,0.6,6.2
Tony Pollard,RB,TEN,9,78.8,7,78.2,82.5,0.5,-3.7
Sam LaPorta,TE,DET,6,79.2,7,80.0,86.6,-0.8,-7.5
DK Metcalf,WR,PIT,9,80.3,7,74.8,78.7,5.5,1.5
Dak Prescott,QB,DAL,14,80.7,7,79.0,75.5,1.7,5.2
Chris Godwin Jr.,WR,TB,10,81.0,7,81.2,87.7,-0.2,-6.8
Josh Downs,WR,IND,13,82.9,7,86.0,113.2,-3.1,-30.3
RJ Harvey,RB,DEN,10,83.6,7,86.0,77.4,-2.4,6.2
Courtland Sutton,WR,DEN,10,83.8,7,83.7,83.0,0.1,0.8
Justin Herbert,QB,LAC,7,86.3,8,84.9,93.2,1.4,-6.9
Stefon Diggs,WR,WAS,7,87.2,8,98.8,155.1,-11.6,-67.9
Trevor Lawrence,QB,JAX,7,87.8,8,86.8,85.8,1.0,2.0
Rico Dowdle,RB,PIT,9,88.2,8,89.8,94.8,-1.6,-6.6
Kyle Pitts Sr.,TE,ATL,11,89.4,8,89.4,92.6,-0.0,-3.2
Jayden Reed,WR,GB,11,91.0,8,92.2,93.5,-1.2,-2.5
Blake Corum,RB,LAR,11,91.4,8,94.4,102.8,-3.0,-11.4
Matthew Stafford,QB,LAR,11,93.4,8,92.7,89.6,0.8,3.8
Harold Fannin Jr.,TE,CLE,11,95.8,8,96.8,81.6,-1.0,14.2
Kenny Gainwell,RB,TB,10,96.9,9,99.2,118.7,-2.3,-21.8
Wan'Dale Robinson,WR,TEN,9,97.5,9,100.4,101.0,-2.9,-3.5
Alec Pierce,WR,IND,13,98.7,9,91.8,70.9,6.8,27.8
Patrick Mahomes,QB,KC,5,100.7,9,100.7,85.0,-0.0,15.7
Jordan Mason,RB,MIN,6,101.3,9,111.1,126.9,-9.8,-25.6
Michael Pittman Jr.,WR,PIT,9,101.3,9,95.0,110.3,6.3,-9.0
Jared Goff,QB,DET,6,102.8,9,103.8,103.6,-1.0,-0.8
Jordan Addison,WR,MIN,6,103.3,9,104.3,91.1,-0.9,12.3
Jaxson Dart,QB,NYG,8,103.5,9,102.3,88.2,1.2,15.2
Makai Lemon,WR,PHI,10,104.9,9,94.8,79.1,10.1,25.8
Kyle Monangai,RB,CHI,10,106.5,9,106.3,97.5,0.2,9.0
Brock Purdy,QB,SF,8,107.1,9,107.5,100.1,-0.4,7.0
Dalton Kincaid,TE,BUF,7,107.1,9,109.2,110.5,-2.1,-3.3
Jacory Croskey-Merritt,RB,WAS,7,107.9,9,113.6,120.5,-5.7,-12.6
Chuba Hubbard,RB,CAR,5,108.0,10,97.0,71.4,11.1,36.6
Bo Nix,QB,DEN,10,108.8,10,108.6,99.5,0.2,9.3
Matthew Golden,WR,GB,11,109.0,10,109.1,112.5,-0.1,-3.5
J.K. Dobbins,RB,DEN,10,112.0,10,103.9,106.9,8.1,5.2
Isaiah Likely,TE,NYG,8,112.6,10,114.4,125.2,-1.8,-12.7
George Kittle,TE,SF,8,115.0,10,116.5,95.1,-1.5,19.9
Jordan Love,QB,GB,11,115.2,10,114.7,108.6,0.5,6.6
Kyler Murray,QB,MIN,6,116.4,10,119.1,106.5,-2.6,10.0
Deebo Samuel Sr.,WR,SF,8,117.7,10,120.4,179.1,-2.7,-61.3
Rachaad White,RB,WAS,7,118.5,10,115.2,134.8,3.3,-16.3
Dallas Goedert,TE,PHI,10,119.1,10,120.4,123.7,-1.3,-4.7
Jakobi Meyers,WR,JAX,7,119.7,10,116.0,101.2,3.7,18.5
De'Zhaun Stribling,WR,SF,8,121.4,11,139.8,182.6,-18.4,-61.2
Tyler Shough,QB,NO,8,121.8,11,119.9,111.4,1.9,10.4
Romeo Doubs,WR,NE,11,122.4,11,120.5,108.1,1.8,14.3
Xavier Worthy,WR,KC,5,122.4,11,118.5,121.3,3.9,1.2
Travis Kelce,TE,KC,5,124.4,11,124.1,115.1,0.3,9.3
Baker Mayfield,QB,TB,10,124.8,11,123.1,116.2,1.6,8.5
Khalil Shakir,WR,BUF,7,125.7,11,125.3,123.5,0.4,2.2
KC Concepcion,WR,CLE,11,125.8,11,127.6,119.8,-1.8,6.0
Jalen Coker,WR,CAR,5,129.3,11,126.9,132.0,2.4,-2.7
Jake Ferguson,TE,DAL,14,129.8,11,128.8,127.4,1.0,2.4
Jayden Higgins,WR,HOU,8,131.4,11,130.1,134.9,1.3,-3.5
Aaron Jones Sr.,RB,MIN,6,131.5,11,131.0,127.2,0.5,4.2
Malik Willis,QB,MIA,6,132.4,12,134.6,129.5,-2.2,2.8
Tyrone Tracy Jr.,RB,NYG,8,133.7,12,132.8,139.9,0.9,-6.1
Keaton Mitchell,RB,LAC,7,134.4,12,136.1,160.6,-1.8,-26.2
Chris Rodriguez Jr.,RB,JAX,7,135.0,12,137.7,128.4,-2.7,6.6
Mark Andrews,TE,BAL,13,137.0,12,134.3,135.2,2.7,1.8
Rashid Shaheed,WR,SEA,11,138.5,12,135.7,144.0,2.9,-5.5
Daniel Jones,QB,IND,13,138.7,12,137.5,139.2,1.2,-0.5
Sam Darnold,QB,SEA,11,140.7,12,139.7,131.3,0.9,9.3
Woody Marks,RB,HOU,8,142.5,12,142.3,146.3,0.2,-3.8
Chig Okonkwo,TE,WAS,7,144.4,13,141.1,153.8,3.3,-9.3
Denzel Boston,WR,CLE,11,144.7,13,154.5,166.7,-9.8,-21.9
Jalen Nailor,WR,LV,13,145.8,13,145.6,163.1,0.2,-17.4
C.J. Stroud,QB,HOU,8,147.0,13,146.1,136.8,0.8,10.2
Juwan Johnson,TE,NO,8,147.0,13,148.5,149.8,-1.5,-2.8
Alvin Kamara,RB,NO,8,147.5,13,149.7,158.8,-2.3,-11.3
Tyler Allgeier,RB,ARI,14,149.6,13,152.4,154.5,-2.8,-4.9
Brenton Strange,TE,JAX,7,149.7,13,147.2,149.0,2.5,0.7
Cam Ward,QB,TEN,9,150.6,13,144.8,141.0,5.8,9.6
Malik Washington,WR,MIA,6,150.7,13,154.1,181.7,-3.4,-31.0
Zach Charbonnet,RB,SEA,11,153.1,13,151.9,118.0,1.1,35.1
Hunter Henry,TE,NE,11,154.3,13,156.8,152.4,-2.5,1.9
MarShawn Lloyd,RB,GB,11,157.3,14,175.0,228.4,-17.7,-71.1
Bryce Young,QB,CAR,5,157.5,14,155.6,145.8,1.9,11.7
Jalen McMillan,WR,TB,10,157.8,14,153.5,141.9,4.3,15.8
Tank Bigsby,RB,PHI,10,158.5,14,160.8,191.0,-2.3,-32.4
Jonah Coleman,RB,DEN,10,158.7,14,166.6,166.0,-7.9,-7.3
Dontayvion Wicks,WR,PHI,10,159.7,14,173.8,212.0,-14.1,-52.3
Tyjae Spears,RB,TEN,9,161.1,14,163.2,162.6,-2.0,-1.5
Travis Hunter,WR,JAX,7,162.6,14,156.6,155.1,6.0,7.5
Tre Tucker,WR,LV,13,163.0,14,164.2,169.2,-1.2,-6.2
Jauan Jennings,WR,MIN,6,164.8,14,160.9,154.6,3.8,10.1
Oronde Gadsden II,TE,LAC,7,165.0,14,155.9,120.2,9.1,44.8
Jacoby Brissett,QB,ARI,14,166.2,14,165.9,157.0,0.3,9.1
Isiah Pacheco,RB,DET,6,167.5,14,148.8,146.9,18.7,20.6
T.J. Hockenson,TE,MIN,6,168.2,15,166.7,159.5,1.5,8.7
Jaydon Blue,RB,DAL,14,170.4,15,167.7,228.4,2.7,-58.0
Ryan Flournoy,WR,DAL,14,170.7,15,166.4,198.0,4.3,-27.3
Ja'Kobi Lane,WR,BAL,13,171.8,15,206.1,229.2,-34.3,-57.4
Terrance Ferguson,TE,LAR,11,172.5,15,183.7,213.3,-11.2,-40.8
Omar Cooper Jr.,WR,NYJ,13,172.6,15,159.4,146.6,13.2,25.9
Dalton Schultz,TE,HOU,8,173.1,15,172.2,168.7,1.0,4.4
Tre' Harris,WR,LAC,7,173.4,15,174.1,197.8,-0.6,-24.4
Dylan Sampson,RB,CLE,11,174.5,15,174.3,173.2,0.2,1.3
Aaron Rodgers,QB,PIT,9,174.6,15,171.2,182.3,3.4,-7.7
Adonai Mitchell,WR,NYJ,13,176.4,15,177.3,206.7,-0.9,-30.2
Greg Dulcich,TE,MIA,6,177.8,15,178.0,218.0,-0.2,-40.2
Tank Dell,WR,HOU,8,179.9,15,180.4,185.3,-0.5,-5.4
Fernando Mendoza,QB,LV,13,180.4,16,182.5,155.7,-2.1,24.7
Cyrus Allen,WR,KC,5,181.5,16,198.9,227.6,-17.4,-46.1
Pat Bryant,WR,DEN,10,181.7,16,206.7,226.0,-25.0,-44.2
Isaac TeSlaa,WR,DET,6,183.5,16,172.2,169.3,11.3,14.2
Kenyon Sadiq,TE,NYJ,13,185.1,16,173.9,139.0,11.2,46.1
Brian Robinson Jr.,RB,ATL,11,185.2,16,181.2,172.8,4.0,12.5
AJ Barner,TE,SEA,11,185.7,16,185.7,172.5,0.0,13.3
Ray Davis,RB,BUF,7,188.2,16,187.9,206.9,0.3,-18.7
Mike Washington Jr.,RB,LV,13,189.3,16,209.7,181.2,-20.4,8.1
Geno Smith,QB,NYJ,13,190.2,16,182.9,168.1,7.3,22.2
Jerry Jeudy,WR,CLE,11,190.6,16,184.0,175.6,6.6,15.1
Gunnar Helm,TE,TEN,9,192.0,17,186.0,188.6,6.0,3.4
Zachariah Branch,WR,ATL,11,193.2,17,187.9,213.2,5.3,-20.0
Cade Otton,TE,TB,10,193.2,17,190.6,185.0,2.6,8.2
Caleb Douglas,WR,MIA,6,193.5,17,224.6,229.4,-31.1,-35.9
Braelon Allen,RB,NYJ,13,193.7,17,198.7,196.1,-5.0,-2.3
Kimani Vidal,RB,LAC,7,196.5,17,206.8,203.0,-10.3,-6.5
Kayshon Boutte,WR,NE,11,197.4,17,191.4,183.5,6.0,13.9
Pat Freiermuth,TE,PIT,9,200.3,17,197.4,204.1,2.9,-3.8
Calvin Ridley,WR,TEN,9,200.4,17,196.2,177.2,4.2,23.2
Sean Tucker,RB,TB,10,201.9,17,196.7,216.0,5.2,-14.1
Cooper Kupp,WR,SEA,11,203.3,17,197.2,194.2,6.1,9.1
Tua Tagovailoa,QB,ATL,11,204.9,18,200.7,198.3,4.2,6.6
Malachi Fields,WR,NYG,8,205.7,18,218.1,215.8,-12.5,-10.1
Ricky Pearsall,WR,SF,8,206.3,18,189.1,107.4,17.2,99.0
George Holani,RB,SEA,11,206.5,18,217.4,229.1,-10.9,-22.6
Colby Parkinson,TE,LAR,11,207.0,18,201.6,192.0,5.4,15.0
Germie Bernard,WR,PIT,9,208.1,18,209.7,192.1,-1.5,16.0
Antonio Williams,WR,WAS,7,208.2,18,193.8,174.3,14.4,33.9
Nick Singleton,RB,TEN,9,208.5,18,204.5,182.2,4.0,26.4
Justice Hill,RB,BAL,13,208.8,18,206.0,217.8,2.8,-9.0
Rashod Bateman,WR,BAL,13,208.9,18,202.5,226.0,6.4,-17.2
Emmett Johnson,RB,KC,5,210.0,18,205.7,192.8,4.3,17.2
Keon Coleman,WR,BUF,7,210.6,18,206.6,215.1,4.0,-4.5
David Njoku,TE,LAC,7,211.7,18,209.4,200.0,2.3,11.6
Ted Hurst III,WR,TB,10,213.8,18,218.3,219.9,-4.5,-6.1
Darnell Mooney,WR,NYG,8,216.0,18,204.3,213.1,11.7,2.9
Darren Waller,TE,CAR,5,216.7,19,229.1,229.7,-12.3,-13.0
Evan Engram,TE,DEN,10,216.8,19,216.5,222.4,0.3,-5.6
Kirk Cousins,QB,LV,13,217.5,19,218.9,214.6,-1.5,2.9
Kaelon Black,RB,SF,8,219.1,19,216.4,218.5,2.7,0.6
Kaytron Allen,RB,WAS,7,219.8,19,219.7,200.6,0.1,19.2
Shedeur Sanders,QB,CLE,11,219.8,19,212.6,205.2,7.2,14.6
Troy Franklin,WR,DEN,10,220.2,19,215.2,211.8,5.0,8.4
Tyquan Thornton,WR,KC,5,220.8,19,217.2,227.7,3.7,-6.9
Devaughn Vele,WR,NO,8,221.5,19,227.7,227.5,-6.2,-6.1
Jake Tonges,TE,SF,8,221.5,19,218.2,217.4,3.4,4.1
Deshaun Watson,QB,CLE,11,222.1,19,224.9,209.5,-2.8,12.6
Mike Gesicki,TE,CIN,6,222.5,19,216.3,222.9,6.2,-0.4
Demond Claiborne,RB,MIN,6,222.7,19,222.2,215.6,0.5,7.1
Samaje Perine,RB,CIN,6,223.4,19,225.5,227.0,-2.1,-3.6
Keenan Allen,WR,FA,0,223.5,19,221.8,225.4,1.7,-1.9
Carson Beck,QB,ARI,14,224.3,19,220.7,225.9,3.6,-1.7
Christian Kirk,WR,SF,8,224.4,19,215.8,196.2,8.6,28.2
Tyreek Hill,WR,FA,0,224.5,19,221.9,148.4,2.6,76.1
Tory Horton,WR,SEA,11,225.0,19,223.4,208.8,1.7,16.2
James Conner,RB,ARI,14,225.1,19,224.6,202.2,0.6,23.0
Charlie Kolar,TE,LAC,7,225.3,19,226.9,233.6,-1.6,-8.3
Odell Beckham Jr.,WR,NYG,8,226.5,19,226.6,225.6,-0.0,0.9
Austin Ekeler,RB,WAS,7,226.6,19,226.4,226.6,0.2,0.1
Michael Mayer,TE,LV,13,226.7,19,227.9,229.6,-1.3,-2.9
Dean Connors,RB,LAR,11,226.7,19,,225.9,226.7,0.7
Nick Chubb,RB,HOU,8,226.7,19,225.9,228.5,0.8,-1.8
Emanuel Wilson,RB,SEA,11,226.7,19,225.7,187.4,1.0,39.3
Jordan James,RB,SF,8,226.8,19,226.4,225.8,0.4,1.0
Michael Penix Jr.,QB,ATL,11,226.9,19,226.3,217.0,0.7,10.0
Brandon Aiyuk,WR,SF,8,227.0,19,226.6,163.8,0.4,63.2
Chris Bell,WR,MIA,6,227.0,19,228.3,185.6,-1.3,41.5
Kyle Juszczyk,RB,SF,8,227.1,19,230.8,230.3,-3.7,-3.2
JuJu Smith-Schuster,WR,NYG,8,227.2,19,226.4,218.8,0.7,8.4
Will Shipley,RB,PHI,10,227.2,19,229.8,226.3,-2.6,0.9
Trevor Etienne,RB,CAR,5,227.2,19,226.2,224.5,1.0,2.7
Roman Hemby,RB,LV,13,227.4,19,228.5,225.8,-1.1,1.6
DeAndre Hopkins,WR,BAL,13,227.4,19,227.0,227.4,0.4,0.1
Marquez Valdes-Scantling,WR,DAL,14,227.5,19,228.8,227.5,-1.3,0.0
Jerome Ford,RB,WAS,7,227.5,19,228.3,227.7,-0.7,-0.1
Jimmy Horn Jr.,WR,CAR,5,227.6,19,227.3,233.8,0.3,-6.2
Joe Mixon,RB,HOU,8,227.6,19,226.7,223.9,0.9,3.7
J'Mari Taylor,RB,JAX,7,227.6,19,228.0,226.6,-0.4,1.0
Kareem Hunt,RB,FA,0,227.7,19,226.5,224.7,1.2,2.9
Sione Vaki,RB,DET,6,227.7,19,226.4,227.0,1.3,0.7
AJ Dillon,RB,CAR,5,227.7,19,226.3,227.7,1.4,0.0
Devontez Walker,WR,BAL,13,227.7,19,227.0,227.4,0.7,0.4
Kaden Wetjen,WR,PIT,9,227.8,19,,227.0,227.8,0.8
Zamir White,RB,SF,8,227.8,19,,231.2,227.8,-3.4
Ollie Gordon II,RB,MIA,6,227.9,19,227.5,223.1,0.4,4.8
Drew Allar,QB,PIT,9,227.9,19,228.3,225.3,-0.4,2.6
Quinn Ewers,QB,MIA,6,227.9,19,230.2,225.0,-2.2,3.0
John Metchie III,WR,CAR,5,228.0,19,227.2,227.5,0.7,0.5
Brandin Cooks,WR,BUF,7,228.0,19,228.0,214.0,-0.0,14.0
Devin Singletary,RB,NYG,8,228.0,20,227.1,225.5,0.9,2.5
Jaylin Lane,WR,WAS,7,228.1,20,226.9,234.5,1.1,-6.4
Jaleel McLaughlin,RB,DEN,10,228.1,20,227.8,227.1,0.3,1.0
Riley Leonard,QB,IND,13,228.1,20,231.3,228.1,-3.2,-0.0
Kye Robichaux,RB,DET,6,228.1,20,,228.2,228.1,-0.1
Luke McCaffrey,WR,WAS,7,228.1,20,229.0,225.8,-0.8,2.3
Will Howard,QB,PIT,9,228.1,20,229.7,225.9,-1.6,2.3
Joe Milton III,QB,DAL,14,228.2,20,227.5,228.7,0.7,-0.5
Eli Stowers,TE,PHI,10,228.2,20,227.0,184.2,1.2,44.1
Tutu Atwell,WR,MIA,6,228.3,20,229.4,230.1,-1.1,-1.8
Darius Cooper,WR,PHI,10,228.4,20,227.7,226.9,0.7,1.4
Hollywood Brown,WR,PHI,10,228.4,20,229.1,225.7,-0.7,2.7
Robert Tonyan,TE,PIT,9,228.4,20,,228.9,228.4,-0.5
Xavier Hutchinson,WR,HOU,8,228.4,20,230.3,228.6,-1.9,-0.2
Tyrod Taylor,QB,GB,11,228.4,20,229.4,229.4,-1.0,-1.0
Zach Ertz,TE,WAS,7,228.4,20,227.2,227.9,1.2,0.5
Elijah Sarratt,WR,BAL,13,228.4,20,228.2,224.0,0.2,4.4
Mack Hollins,WR,NE,11,228.4,20,227.2,226.7,1.2,1.8
Seth McGowan,RB,IND,13,228.4,20,227.9,227.9,0.5,0.5
J.J. McCarthy,QB,MIN,6,228.4,20,228.1,223.3,0.4,5.2
Max Klare,TE,LAR,11,228.4,20,228.9,227.8,-0.5,0.6
Jalen Tolbert,WR,MIA,6,228.5,20,227.2,229.4,1.2,-0.9
Kyle Allen,QB,BUF,7,228.5,20,226.5,233.7,2.0,-5.2
Zonovan Knight,RB,ARI,14,228.5,20,226.5,225.5,2.0,3.0
Isaiah Davis,RB,NYJ,13,228.5,20,228.0,230.8,0.5,-2.3
Ty Johnson,RB,BUF,7,228.5,20,226.4,229.0,2.1,-0.4
Ty Simpson,QB,LAR,11,228.6,20,229.7,230.6,-1.1,-2.0
Theo Wease Jr.,WR,MIA,6,228.6,20,228.5,226.0,0.1,2.6
Luke Musgrave,TE,GB,11,228.6,20,230.0,228.3,-1.4,0.4
Isaiah Bond,WR,CLE,11,228.6,20,229.1,227.9,-0.5,0.8
Kevin Coleman Jr.,WR,MIA,6,228.6,20,228.1,231.1,0.5,-2.4
Jordan Watkins,WR,SF,8,228.7,20,228.1,226.1,0.6,2.6
Michael Trigg,TE,DAL,14,228.7,20,229.4,225.9,-0.7,2.7
Haynes King,QB,CAR,5,228.7,20,227.1,225.4,1.6,3.3
Malik Davis,RB,DAL,14,228.7,20,228.6,226.9,0.1,1.8
Davis Mills,QB,HOU,8,228.7,20,232.1,232.2,-3.4,-3.5
Emari Demercado,RB,KC,5,228.7,20,228.9,225.9,-0.2,2.8
Marvin Mims Jr.,WR,DEN,10,228.8,20,228.0,227.5,0.7,1.2
Jahdae Walker,WR,CHI,10,228.8,20,227.9,228.0,0.9,0.7
Brashard Smith,RB,KC,5,228.8,20,228.1,226.5,0.7,2.3
Cedric Tillman,WR,CLE,11,228.8,20,229.8,228.6,-1.0,0.2
Jaylin Noel,WR,HOU,8,228.8,20,227.4,227.1,1.4,1.8
KaVontae Turpin,WR,DAL,14,228.8,20,228.7,227.5,0.2,1.4
Jaylen Wright,RB,MIA,6,228.9,20,228.8,228.8,0.0,0.1
Tyler Higbee,TE,LAR,11,228.9,20,228.2,228.0,0.7,0.9
Kenny Pickett,QB,CAR,5,228.9,20,228.6,235.2,0.3,-6.3
Audric Estime,RB,NO,8,228.9,20,226.5,229.2,2.5,-0.3
Khalil Herbert,RB,SF,8,228.9,20,228.4,226.1,0.6,2.8
DJ Giddens,RB,IND,13,228.9,20,227.4,228.5,1.5,0.5
Barion Brown,WR,NO,8,229.0,20,229.3,230.3,-0.4,-1.4
Deion Burks,WR,IND,13,229.0,20,228.4,231.4,0.6,-2.4
Jam Miller,RB,NE,11,229.0,20,227.5,227.5,1.5,1.5
Joe Flacco,QB,CIN,6,229.0,20,230.3,227.7,-1.3,1.4
Elijah Higgins,TE,ARI,14,229.1,20,233.3,229.3,-4.2,-0.2
Darius Slayton,WR,NYG,8,229.1,20,229.9,228.7,-0.8,0.4
Demarcus Robinson,WR,SF,8,229.1,20,227.7,227.0,1.4,2.1
Nick Westbrook-Ikhine,WR,IND,13,229.1,20,229.2,228.7,-0.1,0.4
Cole Kmet,TE,CHI,10,229.1,20,229.4,227.7,-0.2,1.4
Malik Benson,WR,LV,13,229.1,20,229.4,227.2,-0.2,1.9
Kyle Williams,WR,NE,11,229.2,20,229.5,229.4,-0.3,-0.2
Jalen Royals,WR,KC,5,229.2,20,226.7,226.2,2.5,2.9
DeMario Douglas,WR,NE,11,229.2,20,229.2,230.0,0.1,-0.8
Kaleb Johnson,RB,PIT,9,229.2,20,227.5,228.9,1.7,0.4
Devin Culp,TE,TB,10,229.2,20,,223.0,229.2,6.2
Darnell Washington,TE,PIT,9,229.3,20,228.9,228.8,0.4,0.4
Najee Harris,RB,FA,0,229.3,20,232.8,227.3,-3.5,2.0
Bryce Lance,WR,NO,8,229.3,20,228.2,228.0,1.2,1.3
Chris Brooks,RB,GB,11,229.3,20,228.2,227.6,1.1,1.7
Brenen Thompson,WR,LAC,7,229.3,20,228.6,226.4,0.7,2.9
Skyy Moore,WR,GB,11,229.3,20,227.8,231.8,1.6,-2.4
Colbie Young,WR,CIN,6,229.3,20,229.6,227.3,-0.2,2.1
Eli Raridon,TE,NE,11,229.4,20,230.1,229.1,-0.7,0.3
LeQuint Allen Jr.,RB,JAX,7,229.4,20,228.7,227.3,0.7,2.1
Tyler Huntley,QB,BAL,13,229.4,20,230.9,226.3,-1.5,3.1
Mitchell Evans,TE,CAR,5,229.4,20,230.6,228.2,-1.2,1.2
Calvin Austin III,WR,NYG,8,229.5,20,228.2,227.4,1.3,2.0
Jaydn Ott,RB,KC,5,229.5,20,230.8,224.4,-1.3,5.1
Noah Fant,TE,NO,8,229.5,20,230.8,226.7,-1.3,2.8
Rasheen Ali,RB,BAL,13,229.5,20,226.9,228.3,2.6,1.2
Cade Klubnik,QB,NYJ,13,229.5,20,228.5,230.9,1.0,-1.4
Joshua Palmer,WR,BUF,7,229.5,20,229.0,227.1,0.6,2.4
Adam Randall,RB,BAL,13,229.6,20,229.8,226.5,-0.3,3.0
Olamide Zaccheaus,WR,ATL,11,229.6,20,228.5,228.7,1.1,0.9
Justin Joly,TE,DEN,10,229.6,20,229.3,231.3,0.4,-1.6
Kalif Raymond,WR,CHI,10,229.7,20,229.1,228.5,0.6,1.1
Isaac Guerendo,RB,SF,8,229.7,20,228.5,233.1,1.2,-3.4
Sam Roush,TE,CHI,10,229.8,20,229.2,228.3,0.6,1.5
Oscar Delp,TE,NO,8,229.8,20,228.9,226.1,0.9,3.8
Konata Mumpfield,WR,LAR,11,229.8,20,228.8,229.3,1.0,0.6
Jacob Cowing,WR,SF,8,229.8,20,228.2,233.5,1.6,-3.7
Skyler Bell,WR,BUF,7,229.8,20,229.8,226.1,0.1,3.7
Mason Taylor,TE,NYJ,13,229.9,20,230.6,230.8,-0.7,-1.0
Jack Bech,WR,LV,13,229.9,20,229.8,228.4,0.1,1.5
Tez Johnson,WR,TB,10,229.9,20,229.6,227.8,0.3,2.1
Elic Ayomanor,WR,TEN,9,229.9,20,229.2,228.8,0.7,1.1
Andrei Iosivas,WR,CIN,6,229.9,20,229.5,231.1,0.4,-1.2
Zavion Thomas,WR,CHI,10,230.0,20,228.3,227.5,1.7,2.4
Hakeem Butler,WR,DEN,10,230.0,20,,234.0,230.0,-4.0
Mitch Tinsley,WR,CIN,6,230.0,20,227.5,226.5,2.5,3.5
Tahj Brooks,RB,CIN,6,230.0,20,230.5,229.0,-0.5,1.0
Eli Heidenreich,WR,PIT,9,230.0,20,228.2,229.1,1.8,0.9
Ja'Tavion Sanders,TE,CAR,5,230.1,20,230.4,231.0,-0.3,-0.9
Chimere Dike,WR,TEN,9,230.1,20,228.6,226.9,1.5,3.2
Elijah Arroyo,TE,SEA,11,230.1,20,231.1,228.6,-1.0,1.5
Marlin Klein,TE,HOU,8,230.1,20,232.9,232.9,-2.9,-2.9
Greg Dortch,WR,DET,6,230.1,20,230.4,232.7,-0.3,-2.5
Robert Henry Jr.,RB,WAS,7,230.2,20,,234.9,230.2,-4.7
Trey Lance,QB,LAC,7,230.2,20,230.9,233.8,-0.7,-3.6
KeAndre Lambert-Smith,WR,LAC,7,230.2,20,228.5,230.8,1.7,-0.6
CJ Daniels,WR,LAR,11,230.2,20,227.8,228.1,2.4,2.1
Ben Sinnott,TE,WAS,7,230.2,20,230.0,229.6,0.2,0.6
Kendre Miller,RB,NO,8,230.2,20,229.6,228.2,0.6,2.0
Matt Hibner,TE,BAL,13,230.2,20,231.6,228.2,-1.4,2.0
Xavier Legette,WR,CAR,5,230.2,20,227.9,228.3,2.4,2.0
Efton Chism III,WR,NE,11,230.2,20,229.6,226.7,0.6,3.5
Dyami Brown,WR,WAS,7,230.2,20,228.1,229.8,2.1,0.4
Josh Oliver,TE,MIN,6,230.3,20,229.5,231.3,0.8,-1.0
Jawhar Jordan,RB,HOU,8,230.4,20,229.9,230.7,0.4,-0.3
Jahan Dotson,WR,ATL,11,230.4,20,229.3,232.8,1.1,-2.4
Tyler Conklin,TE,DET,6,230.5,20,231.4,228.1,-0.9,2.3
Roman Wilson,WR,PIT,9,230.5,20,229.6,229.2,0.9,1.3
Treylon Burks,WR,WAS,7,230.7,20,232.8,230.5,-2.1,0.2
Gardner Minshew II,QB,ARI,14,230.8,20,229.9,227.0,0.9,3.8
Anthony Richardson Sr.,QB,IND,13,230.8,20,230.7,229.7,0.1,1.1
Jordan Whittington,WR,LAR,11,230.8,20,229.8,228.6,1.0,2.2
Jacob Saylors,RB,DET,6,230.8,20,,228.5,230.8,2.3
Jarquez Hunter,RB,LAR,11,230.9,20,232.5,231.8,-1.6,-0.9
Tommy DeVito,QB,NE,11,230.9,20,,232.9,230.9,-2.0
Jarrett Stidham,QB,DEN,10,230.9,20,229.3,225.8,1.6,5.1
Phil Mafah,RB,DAL,14,230.9,20,230.5,227.9,0.4,3.1
Erick All Jr.,TE,CIN,6,231.0,20,230.9,234.3,0.1,-3.3
Ashton Dulin,WR,IND,13,231.0,20,228.0,227.2,3.0,3.8
Savion Williams,WR,GB,11,231.0,20,231.7,230.1,-0.7,0.9
Justin Fields,QB,KC,5,231.1,20,228.7,227.0,2.4,4.1
Dawson Knox,TE,BUF,7,231.1,20,229.7,229.8,1.3,1.3
Dont'e Thornton Jr.,WR,LV,13,231.2,20,232.1,230.2,-0.9,0.9
Daniel Bellinger,TE,TEN,9,231.2,20,232.0,235.6,-0.8,-4.4
Theo Johnson,TE,NYG,8,231.2,20,230.3,227.8,1.0,3.4
Kendrick Bourne,WR,ARI,14,231.3,20,228.9,229.3,2.4,2.1
Tai Felton,WR,MIN,6,231.4,20,232.7,230.5,-1.4,0.8
Devin Neal,RB,NO,8,231.4,20,227.7,228.3,3.7,3.1
Mac Jones,QB,SF,8,231.4,20,231.8,230.2,-0.4,1.2
Aidan O'Connell,QB,LV,13,231.5,20,,231.5,231.5,0.0
Noah Gray,TE,KC,5,231.6,20,231.7,231.0,-0.1,0.6
Jonnu Smith,TE,FA,0,231.6,20,230.7,228.3,0.9,3.3
Tyson Bagent,QB,CHI,10,231.6,20,230.0,231.9,1.6,-0.4
Jalen Brooks,WR,ARI,14,231.6,20,227.4,227.4,4.2,4.2
Spencer Rattler,QB,NO,8,231.7,20,231.3,225.9,0.4,5.7
Jack Endries,TE,CIN,6,231.7,20,228.6,232.6,3.1,-0.9
Damien Martinez,RB,GB,11,231.7,20,228.7,228.7,3.0,3.0
Josh Cameron,WR,JAX,7,231.8,20,,232.1,231.8,-0.3
Jeff Caldwell,WR,KC,5,231.8,20,,231.8,231.8,0.0
Taysom Hill,TE,FA,0,231.8,20,228.7,222.8,3.1,9.0
Nick Mullens,QB,JAX,7,232.0,20,230.3,230.9,1.6,1.0
Tanner Koziol,TE,JAX,7,232.0,20,228.9,234.2,3.1,-2.3
Jake Browning,QB,TB,10,232.0,20,229.2,231.1,2.8,0.9
Marcus Mariota,QB,WAS,7,232.0,20,232.5,226.8,-0.4,5.2
Garrett Nussmeier,QB,KC,5,232.1,20,225.8,219.9,6.3,12.2
Tommy Tremble,TE,CAR,5,232.1,20,229.0,231.2,3.1,0.9
Trey Benson,RB,ARI,14,232.2,20,231.0,228.3,1.2,3.9
Noah Thomas,WR,CIN,6,232.2,20,,232.2,232.2,0.0
Isaiah Williams,WR,NYJ,13,232.2,20,,228.9,232.2,3.3
Teddy Bridgewater,QB,DET,6,232.5,20,231.0,217.2,1.5,15.3
Jameis Winston,QB,NYG,8,232.5,20,232.2,225.8,0.3,6.7
Mitchell Trubisky,QB,TEN,9,232.7,20,,232.9,232.7,-0.2
Josh Whyle,TE,GB,11,232.8,20,,232.2,232.8,0.5
Jalen Milroe,QB,SEA,11,233.0,20,228.2,228.8,4.9,4.2
Joshua Dobbs,QB,DET,6,233.1,20,,232.2,233.1,0.8
Will Kacmarek,TE,MIA,6,233.3,20,,229.8,233.3,3.5
Tanner McKee,QB,PHI,10,233.4,20,232.1,219.7,1.3,13.7
Chris Brazzell II,WR,CAR,5,233.5,20,229.6,221.6,3.9,11.9
Taylen Green,QB,CLE,11,233.5,20,227.7,230.0,5.7,3.5
Nate Boerkircher,TE,JAX,7,234.0,20,228.7,228.7,5.3,5.3
