Position,Name + ID,Name,ID,Roster Position,Salary,Game Info,TeamAbbrev,AvgPointsPerGame
P,Ace Sampson (1001),Ace Sampson,1001,P,8126,SAM@WKS 7:05PM ET,SAM,16.0
P,Deuce Hartley (1002),Deuce Hartley,1002,P,8417,SAM@WKS 7:05PM ET,SAM,15.07
P,Miles Rocker (1003),Miles Rocker,1003,P,7096,SAM@WKS 7:05PM ET,WKS,13.43
P,Two Byrne (1004),Two Byrne,1004,P,7185,SAM@WKS 7:05PM ET,WKS,11.64
P,Reed Foxworth (1005),Reed Foxworth,1005,P,7037,BLU@FOX 9:40PM ET,FOX,13.69
P,Cal Denny (1006),Cal Denny,1006,P,7679,BLU@FOX 9:40PM ET,FOX,10.92
P,Trey Osgood (1007),Trey Osgood,1007,P,8576,BLU@FOX 9:40PM ET,BLU,14.16
P,Sonny Blevins (1008),Sonny Blevins,1008,P,7785,BLU@FOX 9:40PM ET,BLU,11.32
C,Jax Vance (1009),Jax Vance,1009,C,4338,SAM@WKS 7:05PM ET,SAM,7.2
C,Cole Hollis (1010),Cole Hollis,1010,C,4916,SAM@WKS 7:05PM ET,SAM,8.47
1B,Marco Marsh (1011),Marco Marsh,1011,1B,3514,SAM@WKS 7:05PM ET,SAM,7.84
1B,Beau Boone (1012),Beau Boone,1012,1B,4987,SAM@WKS 7:05PM ET,SAM,12.71
2B,Tanner Kline (1013),Tanner Kline,1013,2B,4963,SAM@WKS 7:05PM ET,SAM,10.85
2B,Rico Draper (1014),Rico Draper,1014,2B,2803,SAM@WKS 7:05PM ET,SAM,7.22
3B,Dez Voss (1015),Dez Voss,1015,3B,2790,SAM@WKS 7:05PM ET,SAM,6.02
3B,Wyatt Mercer (1016),Wyatt Mercer,1016,3B,3145,SAM@WKS 7:05PM ET,SAM,5.94
SS,Gus Gault (1017),Gus Gault,1017,SS,3190,SAM@WKS 7:05PM ET,SAM,6.83
SS,Leo Rowe (1018),Leo Rowe,1018,SS,4938,SAM@WKS 7:05PM ET,SAM,9.42
OF,Kai Payne (1019),Kai Payne,1019,OF,5942,SAM@WKS 7:05PM ET,SAM,13.56
OF,Ellis Lund (1020),Ellis Lund,1020,OF,3022,SAM@WKS 7:05PM ET,SAM,6.59
OF,Nash Cassel (1021),Nash Cassel,1021,OF,5216,SAM@WKS 7:05PM ET,SAM,9.33
OF,Rex Enright (1022),Rex Enright,1022,OF,2999,SAM@WKS 7:05PM ET,SAM,6.44
C,Milo Sharpe (1023),Milo Sharpe,1023,C,2857,SAM@WKS 7:05PM ET,WKS,6.18
C,Otto Dunbar (1024),Otto Dunbar,1024,C,5135,SAM@WKS 7:05PM ET,WKS,9.27
1B,Zeke Fenn (1025),Zeke Fenn,1025,1B,5386,SAM@WKS 7:05PM ET,WKS,11.48
1B,Finn Garrick (1026),Finn Garrick,1026,1B,5783,SAM@WKS 7:05PM ET,WKS,11.07
2B,Bo Holt (1027),Bo Holt,1027,2B,4998,SAM@WKS 7:05PM ET,WKS,12.61
2B,Chase Ives (1028),Chase Ives,1028,2B,4081,SAM@WKS 7:05PM ET,WKS,7.75
3B,Dane Jager (1029),Dane Jager,1029,3B,5853,SAM@WKS 7:05PM ET,WKS,10.42
3B,Reese Keel (1030),Reese Keel,1030,3B,5794,SAM@WKS 7:05PM ET,WKS,10.68
SS,Cruz Larkin (1031),Cruz Larkin,1031,SS,4952,SAM@WKS 7:05PM ET,WKS,9.41
SS,Shane Moss (1032),Shane Moss,1032,SS,4627,SAM@WKS 7:05PM ET,WKS,11.45
OF,Vance Norrell (1033),Vance Norrell,1033,OF,5587,SAM@WKS 7:05PM ET,WKS,11.45
OF,Tate Odom (1034),Tate Odom,1034,OF,5094,SAM@WKS 7:05PM ET,WKS,13.14
OF,Cody Pruitt (1035),Cody Pruitt,1035,OF,3083,SAM@WKS 7:05PM ET,WKS,6.51
OF,Dario Quill (1036),Dario Quill,1036,OF,3275,SAM@WKS 7:05PM ET,WKS,7.72
C,Isiah Rask (1037),Isiah Rask,1037,C,3222,BLU@FOX 9:40PM ET,FOX,8.16
C,Roman Sutter (1038),Roman Sutter,1038,C,4327,BLU@FOX 9:40PM ET,FOX,7.09
1B,Andres Tarver (1039),Andres Tarver,1039,1B,5337,BLU@FOX 9:40PM ET,FOX,8.95
1B,Julian Underwood (1040),Julian Underwood,1040,1B,4885,BLU@FOX 9:40PM ET,FOX,10.62
2B,Tobias Vail (1041),Tobias Vail,1041,2B,6185,BLU@FOX 9:40PM ET,FOX,14.96
2B,Emil Wren (1042),Emil Wren,1042,2B,3993,BLU@FOX 9:40PM ET,FOX,9.17
3B,Grady Yates (1043),Grady Yates,1043,3B,5034,BLU@FOX 9:40PM ET,FOX,10.55
3B,Hollis Zahn (1044),Hollis Zahn,1044,3B,5864,BLU@FOX 9:40PM ET,FOX,12.06
SS,Ivo Abt (1045),Ivo Abt,1045,SS,6040,BLU@FOX 9:40PM ET,FOX,10.23
SS,Jett Briggs (1046),Jett Briggs,1046,SS,3705,BLU@FOX 9:40PM ET,FOX,7.68
OF,Kyler Cutter (1047),Kyler Cutter,1047,OF,5320,BLU@FOX 9:40PM ET,FOX,8.86
OF,Lane Dane (1048),Lane Dane,1048,OF,5594,BLU@FOX 9:40PM ET,FOX,12.87
OF,Moss Everly (1049),Moss Everly,1049,OF,5250,BLU@FOX 9:40PM ET,FOX,11.43
OF,Niall Frost (1050),Niall Frost,1050,OF,5390,BLU@FOX 9:40PM ET,FOX,13.05
C,Orin Gale (1051),Orin Gale,1051,C,3765,BLU@FOX 9:40PM ET,BLU,8.72
C,Perry Hix (1052),Perry Hix,1052,C,5338,BLU@FOX 9:40PM ET,BLU,10.39
1B,Quinton Ibarra (1053),Quinton Ibarra,1053,1B,4491,BLU@FOX 9:40PM ET,BLU,8.78
1B,Ridge Jarrell (1054),Ridge Jarrell,1054,1B,5102,BLU@FOX 9:40PM ET,BLU,8.76
2B,Sylas Kestrel (1055),Sylas Kestrel,1055,2B,2841,BLU@FOX 9:40PM ET,BLU,5.17
2B,Tobin Lomax (1056),Tobin Lomax,1056,2B,3777,BLU@FOX 9:40PM ET,BLU,6.53
3B,Uri Monk (1057),Uri Monk,1057,3B,3614,BLU@FOX 9:40PM ET,BLU,7.22
3B,Vito Nix (1058),Vito Nix,1058,3B,6169,BLU@FOX 9:40PM ET,BLU,12.93
SS,Waylon Ochoa (1059),Waylon Ochoa,1059,SS,3281,BLU@FOX 9:40PM ET,BLU,6.72
SS,Ash Piper (1060),Ash Piper,1060,SS,4850,BLU@FOX 9:40PM ET,BLU,9.11
OF,Beckett Quade (1061),Beckett Quade,1061,OF,3160,BLU@FOX 9:40PM ET,BLU,7.64
OF,Cove Reyes (1062),Cove Reyes,1062,OF,6138,BLU@FOX 9:40PM ET,BLU,13.2
OF,Denny Salt (1063),Denny Salt,1063,OF,5493,BLU@FOX 9:40PM ET,BLU,11.07
OF,Hitter0 Sub (1064),Hitter0 Sub,1064,OF,4069,BLU@FOX 9:40PM ET,BLU,9.29
1B/OF,Multi Guyette (1065),Multi Guyette,1065,1B/OF,4400,SAM@WKS 7:05PM ET,SAM,8.92
3B/SS,Swap Perrin (1066),Swap Perrin,1066,3B/SS,4100,SAM@WKS 7:05PM ET,WKS,7.95
1B/3B,Corner Odett (1067),Corner Odett,1067,1B/3B,3900,BLU@FOX 9:40PM ET,FOX,7.21
2B/SS,Roamer Diaz (1068),Roamer Diaz,1068,2B/SS,4300,BLU@FOX 9:40PM ET,BLU,8.13
